{ "frames": [
   {
    "filename": "sorsa 0.aseprite",
    "frame": { "x": 0, "y": 0, "w": 107, "h": 100 },
    "rotated": false,
    "trimmed": true,
    "spriteSourceSize": { "x": 7, "y": 12, "w": 107, "h": 100 },
    "sourceSize": { "w": 128, "h": 128 },
    "duration": 100
   },
   {
    "filename": "sorsa 1.aseprite",
    "frame": { "x": 107, "y": 0, "w": 107, "h": 95 },
    "rotated": false,
    "trimmed": true,
    "spriteSourceSize": { "x": 6, "y": 19, "w": 107, "h": 95 },
    "sourceSize": { "w": 128, "h": 128 },
    "duration": 100
   },
   {
    "filename": "sorsa 2.aseprite",
    "frame": { "x": 214, "y": 0, "w": 107, "h": 100 },
    "rotated": false,
    "trimmed": true,
    "spriteSourceSize": { "x": 7, "y": 12, "w": 107, "h": 100 },
    "sourceSize": { "w": 128, "h": 128 },
    "duration": 150
   },
   {
    "filename": "sorsa 3.aseprite",
    "frame": { "x": 321, "y": 0, "w": 107, "h": 95 },
    "rotated": false,
    "trimmed": true,
    "spriteSourceSize": { "x": 6, "y": 19, "w": 107, "h": 95 },
    "sourceSize": { "w": 128, "h": 128 },
    "duration": 100
   },
   {
    "filename": "sorsa 4.aseprite",
    "frame": { "x": 428, "y": 0, "w": 101, "h": 77 },
    "rotated": false,
    "trimmed": true,
    "spriteSourceSize": { "x": 15, "y": 29, "w": 101, "h": 77 },
    "sourceSize": { "w": 128, "h": 128 },
    "duration": 400
   }
 ],
 "meta": {
  "app": "http://www.aseprite.org/",
  "version": "1.2.15-x64",
  "image": "sorsa_gen1.png",
  "format": "RGBA8888",
  "size": { "w": 640, "h": 128 },
  "scale": "1",
  "frameTags": [
  ],
  "layers": [
   { "name": "Layer 1", "opacity": 255, "blendMode": "normal" }
  ],
  "slices": [
  ]
 }
}
